"Name","Country","Query_Name"
"Aber Benoit","France","ABER_BENOIT_MEAN_RENEAT"
"h","France","ABER_WRAC_H"
"Aberdeen","Royaume-Uni","ABERDEEN_SCOTLAND"
"Aberdeen (USA)","Etats-Unis","ABERDEEN"
"Abidjan-Vridi","Cote d","ABIDJAN-VRIDI"
"Abu Dhabi (Abu Zabi)","Emirats Arabes Unis","MINA_ZAYED"
"Accra","Ghana","ACCRA"
"Adak island","Etats-Unis (Aleoutiennes)","SWEEPER_COVE"
"Adelaide","Australie","PORT-ADELAIDE"
"Aden (Adan)","Yemen","ADEN"
"Agadir","Maroc","AGADIR"
"Aguirre","Argentine","AGUIRRE"
"Aitutaki","Nouvelle-Zelande","AITUTAKI"
"Ajaccio","France","AJACCIO"
"Akassa","Nigeria","AKASSA"
"Akureyri Eyjafjordur","Islande","AKUREYRI_EYJAFJORDUR"
"Alameda","Etats-Unis","ALAMEDA"
"Albany","Australie","ALBANY"
"Albany (Hudson River)","Etats-Unis","ALBANY_HUDSON_RIVER"
"Aleksandrovsk","Federation de Russie","ALEKSANDROVSKIY"
"Alert Bay","Canada","ALERT_BAY"
"Alexandrie (Al-Iskandariyya)","Egypte","ALEXANDRIA"
"Alger (El Jazair)","Algerie","ALGER"
"Alotau","Papouasie-Nouvelle-Guinee","ALOTAU"
"Alpha-Baie-de-Seine","France","ALPHA-BAIE_DE_SEINE"
"Ambon","Indonesie","AMBON"
"Amherst (Kyaikkami)","Birmanie","AMHERST"
"Amuay (Punto Fijo)","Venezuela","AMUAY"
"Anchorage","Etats-Unis (Alaska)","ANCHORAGE_KNIK_ARM"
"Ancona","Italie","ANCONA"
"Anewa Bay","Papouasie-Nouvelle-Guinee","ANEWA_BAY"
"Angoche (Antonio Enes)","Mozambique","ANTONIO_ENES"
"Angostura Inglesa","Chili","ANGOSTURA_INGLESA"
"Angra do Heroismo (I. Terceira)","Portugal","ANGRA_DO_HEROISMO"
"Angra dos Reis","Bresil","ANGRA_DOS_REIS"
"Anma Do","Coree du Sud","ANMA_DO"
"Antifer","France","ANTIFER"
"Antofagasta","Chili","ANTOFAGASTA"
"Antsiranana (Diego Suarez)","Madagascar","ANTSIRANANA"
"Anvers (Antwerpen)","Belgique","ANTWERPEN"
"Apia","Samoa","APIA"
"Aracaju","Bresil","ARACAJU"
"Aratu","Bresil","ARATU"
"Arcachon Eyrac","France","ARCACHON_EYRAC"
"Areia Branca","Bresil","AREIA_BRANCA"
"Arendal","Norvege","ARENDAL"
"Argentia","Canada","ARGENTIA"
"Arica","Chili","ARICA"
"sk","Federation de Russie","ARKHANGEL_SK-SOLOMBALA"
"Arradon","France","ARRADON"
"Arromanches-les-Bains","France","ARROMANCHES-LES-BAINS"
"Ascension Island","Royaume-Uni","ASCENSION"
"Aseb","Erythree","ASEB"
"Ash Shariqah","Emirats Arabes Unis","SHARJAH"
"Astoria","Etats-Unis","ASTORIA"
"Atkinson Point","Canada","ATKINSON_POINT"
"Attu Island","Etats-Unis (Aleoutiennes)","MASSACRE_BAY"
"Auckland","Nouvelle-Zelande","AUCKLAND"
"Audierne","France","AUDIERNE"
"Auray Saint-Goustan","France","AURAY_SAINT-GOUSTAN"
"Aurigny (Alderney)","Royaume-Uni","ALDERNEY_BRAYE"
"Avatoru (Lagon)","France (Polynesie)","AVATORU_LAGON"
"Aveiro","Portugal","AVEIRO"
"Aviles","Espagne","AVILES"
"Avonmouth","Royaume-Uni","BRISTOL"
"Ayamonte","Espagne","AYAMONTE-MUELLE"
"Bagan Datoh","Malaisie","BAGAN_DATOH"
"Bahia Buen Suceso","Argentine","BAHIA_BUEN_SUCESO"
"Bahia Caraquez","Equateur","PTO_DE_BAHIA_CARAQUEZ"
"Bahia Crossley","Argentine","BAHIA_CROSSLEY"
"Bahia Thetis","Argentine","BAHIA_THETIS"
"Baie de Banare (Poum)","France (Nouvelle-Caledonie)","BAIE_DE_BANARE_POUM"
"Baie de Gaspe","Canada","POINTE_SAINT-PIERRE"
"Baie de Ouinne","France (Nouvelle-Caledonie)","OUINNE"
"Baie du Prony","France (Nouvelle-Caledonie)","BAIE_DU_PRONY"
"Bakar","Croatie","BAKAR"
"Balboa","Panama","BALBOA"
"Balikpapan","Indonesie","BALIKPAPAN"
"Balise A","France","BALISE_A"
"Ballenas Bay","Mexique","BALLENAS_BAY"
"Baltimore","Etats-Unis","BALTIMORE"
"Banda I","Indonesie","BANDA_HARBOUR_NAIRA"
"Bandar Abbas","Iran","BANDAR_ABBAS"
"Bandar-E Lengeh","Iran","BANDAR-E_LENGEH"
"Bangkok","Thailande","BANGKOK"
"Banjarmasin","Indonesie","SUNGAI_BARITO"
"Banjul (Bathurst)","Gambie","BANJUL-BATHURST"
"Banyuls","France","BANYULS"
"Bar","Montenegro","BAR"
"Barfleur","France","BARFLEUR"
"Barra Norte","Bresil","BARRA_NORTE"
"Barrow I.","Australie","BARROW_I-WAPET"
"Barrow in Furness","Royaume-Uni","BARROW_IN_FURNESS"
"Barry","Royaume-Uni","BARRY"
"Urville","France (Terres australes et antarctiques)","BASE_DUMONT_D_URVILLE"
"Basora (Al Basrah)","Irak","AL_BASRAH"
"Bassein","Birmanie","BASSEIN"
"Bassein River","Birmanie","BASSEIN_RIVER"
"Bastia","France","BASTIA"
"Bata","Guinee Equatoriale","BATA"
"Batu Pahat (Bandar Penggaram)","Malaisie","KUALA_BATU_PAHAT"
"Beihai","Chine","BEIHAI"
"Beira","Mozambique","BEIRA"
"Belawan","Indonesie","BELAWAN"
"Belem","Bresil","BELEM"
"Belfast","Royaume-Uni","BELFAST"
"Belgrano","Argentine","PUERTO_BELGRANO"
"Bella Bella","Canada","BELLA_BELLA"
"Bellingham","Etats-Unis","BELLINGHAM"
"Benicia","Etats-Unis","BENICIA"
"Benodet","France","BENODET"
"Berbera","Somalie","BERBERA"
"Bergen","Norvege","BERGEN"
"Bermuda Island","Royaume-Uni (Bermudes)","IRELAND_ISLAND"
"Beypore","Inde","BEYPORE"
"Bhavnagar","Inde","BHAVNAGAR"
"Bilbao","Espagne","BILBAO"
"Binic","France","BINIC"
"Biscarrosse","France","BISCARROSSE"
"Bissau","Guinee-Bissau","BISSAU"
"Bluff Harbour","Nouvelle-Zelande","BLUFF_HARBOUR"
"Bodo","Norvege","BODO"
"Bolama","Guinee-Bissau","BOLAMA"
"Bolinao","Philippines","BOLINAO"
"Bombay (Mumbai)","Inde","BOMBAY"
"Bonaire","Antilles Neerlandaises","KRALENDIJK"
"Bonanza","Espagne","BONANZA"
"Bonny","Nigeria","BONNY"
"Booby Island","Australie","BOOBY_ISLAND"
"Borkum","Allemagne","BORKUM_FISCHERBALJE"
"Boston","Etats-Unis","BOSTON"
"Botany Bay","Australie","BOTANY_BAY"
"Boucau-Bayonne","France","BOUCAU-BAYONNE"
"Bouee Fort-Mahon","France","BOUEE_FORT-MAHON"
"Bouee Fromentine","France","BOUEE_FROMENTINE"
"Boulogne-sur-Mer","France","BOULOGNE-SUR-MER"
"Bourail","France (Nouvelle-Caledonie)","BOURAIL"
"Bowen","Australie","BOWEN"
"Bremerhaven","Allemagne","BREMERHAVEN"
"Bremerton","Etats-Unis","BREMERTON"
"Brest","France","BREST"
"Bridgeport","Etats-Unis","BRIDGEPORT"
"Brignogan","France","BRIGNOGAN"
"Brindisi","Italie","BRINDISI"
"Brisbane","Australie","BRISBANE_BAR"
"Brooklyn","Etats-Unis","BROOKLYN"
"Broome","Australie","BROOME"
"Bubaque","Guinee-Bissau","BUBAQUE"
"Buenaventura","Colombie","BUENAVENTURA"
"Buenos Aires","Argentine","BUENOS_AIRES"
"Bugatti Reef","Australie","BUGATTI_REEF"
"Bunbury","Australie","BUNBURY"
"Burnie","Australie","BURNIE"
"Bushehr","Iran","BUSHEHR"
"Busum","Allemagne","BUSUM"
"Cabedelo","Bresil","CABEDELO"
"Cabinda","Angola","BAIA_DE_CABINDA"
"Cabo Frio","Bresil","CABO_FRIO"
"Cabo San Pablo","Argentine","CABO_SAN_PABLO"
"Cacheu","Guinee-Bissau","CACHEU"
"Cadiz (Cadix)","Espagne","CADIZ"
"Cagliari","Italie (Sardaigne)","CAGLIARI"
"Caio","Guinee-Bissau","CAIO"
"Cairns Harbour","Australie","CAIRNS_HARBOUR"
"Calabar","Nigeria","CALABAR"
"Calais","France","CALAIS"
"Calcutta","Inde","CALCUTTA-GARDEN_REACH"
"Caldera","Chili","CALDERA"
"Caleta Brent","Argentine","CALETA_BRENT"
"Caleta La Mision","Argentine","CALETA_LA_MISION"
"Callao","Perou","CALLAO"
"Calvi","France","CALVI"
"Cam Pha","Viet Nam","CAM_PHA"
"Cam Ranh","Viet Nam","CAM_RANH"
"Camaret-sur-Mer","France","CAMARET-SUR-MER"
"Cambridge Bay","Canada","CAMBRIDGE_BAY"
"Canal da Galheta","Bresil","CANAL_GALHETA"
"Cancale","France","CANCALE"
"Cap Bojador (Cabo Bojador)","Sahara Occidental","CAP_BOUJDOUR"
"Cap Chikhacheva","Federation de Russie","ZALIV_CHIKHACHEVA"
"Cap Ferret","France","CAP_FERRET"
"Cape Town","Afrique du Sud","CAPE_TOWN"
"Cardiff","Royaume-Uni","CARDIFF"
"Carelmapu","Chili","CARELMAPU"
"Carnarvon","Australie","CARNARVON"
"Cartagena","Colombie","CARTAGENA"
"Carteret","France","CARTERET"
"Casablanca","Maroc","CASABLANCA"
"Cascais","Portugal","CASCAIS"
"Cayeux-sur-Mer","France","CAYEUX-SUR-MER"
"Cebu","Philippines","CEBU"
"Centuri","France","CENTURI"
"Ceuta","Espagne","CEUTA"
"Chandbali - Dhamra","Inde","CHANDBALI"
"Charcot","Antarctique","CHARCOT"
"Charleston","Etats-Unis","CHARLESTON"
"Charlottetown","Canada","CHARLOTTETOWN"
"Chatham Medway","Royaume-Uni","CHATHAM_MEDWAY"
"Cheju","Coree du Sud","CHEJU"
"Chepenehe","France (Nouvelle-Caledonie)","CHEPENEHE"
"Cherbourg","France","CHERBOURG"
"Chi-Lung","Taiwan","CHI-LUNG"
"Chicoutimi","Canada","CHICOUTIMI"
"Chimbote","Perou","BAHIA_FERROL"
"Chinhae","Coree du Sud","CHINHAE"
"Chipiona","Espagne","CHIPIONA"
"o","Coree du Sud","CHISE_P_O"
"Chittagong","Bangladesh","CHITTAGONG"
"Choiseul Bay","Iles Salomon","CHOISEUL_BAY"
"Churchill","Canada","CHURCHILL"
"Chuuk Islands","Micronesie","DUBLON_ISLAND"
"Civitavecchia","Italie","CIVITAVECCHIA"
"Clarks Point","Etats-Unis (Alaska)","CLARKS_POINT"
"Clipperton","France","CLIPPERTON"
"Coatzacoalcos","Mexique","COATZACOALCOS"
"Cobh","Irlande","COBH"
"Cochin","Inde","COCHIN"
"Coffs Harbour","Australie","COFFS_HARBOUR"
"Colombo","Sri Lanka","COLOMBO"
"Colon","Panama","COLON"
"Colonia del Sacramento","Uruguay","COLONIA_DEL_SACRAMENTO"
"Comodoro Rivadavia","Argentine","COMODORO_RIVADAVIA"
"Comox","Canada","COMOX"
"Conakry","Guinee","CONAKRY"
"Concarneau","France","CONCARNEAU"
"Coos Bay","Etats-Unis","EMPIRE"
"Coquimbo","Chili","COQUIMBO"
"Cordouan","France","CORDOUAN"
"Cordova","Etats-Unis (Alaska)","CORDOVA"
"Corpus Christi","Etats-Unis","CORPUS"
"Corta de Los Jeronimos","Espagne","CORTA_DE_LOS_JERONIMOS"
"Cotonou","Benin","COTONOU"
"Courseulles-sur-Mer","France","COURSEULLES-SUR-MER_LARGE"
"Crescent City","Etats-Unis","CRESCENT_CITY"
"Cuxhaven","Allemagne","CUXHAVEN"
"Da Nang (Tourane)","Viet Nam","DA_NANG"
"Dahouet","France","DAHOUET"
"Dakar","Senegal","DAKAR"
"Dakhla","Sahara Occidental","DAKHLA"
"Dalian","Chine","DALIANG"
"Dampier","Australie","DAMPIER"
"Danmarks Havn","Danemark (Groenland)","DANMARKS_HAVN"
"Dar-Es-Salaam","Tanzanie","DAR_ES_SALAAM"
"Daru I.","Papouasie-Nouvelle-Guinee","DARU"
"Darwin","Australie","DARWIN"
"Davao","Philippines","DAVAO"
"Deauville","France","DEAUVILLE"
"Deception","Antarctique","FOSTER"
"Degrad Des Cannes","France (Guyane)","DEGRAD_DES_CANNES"
"Den Helder","Pays-Bas","DEN_HELDER"
"Devonport","Australie","DEVONPORT"
"Diamond Harbour","Inde","DIAMOND_HARBOUR"
"Diana Bay","Canada","DIANA_BAY"
"Dieppe","France","DIEPPE"
"Diogue","Senegal","DJOGUE"
"Dives-sur-Mer","France","DIVES-SUR-MER"
"lette","France","DIELETTE"
"Djakarta (Tanjung Priok)","Indonesie","TANJUNG_PRIOK"
"Djibouti","Djibouti","DJIBOUTI"
"Do Son","Viet Nam","DO_SON"
"Doha (Ad Dawhah)","Qatar","DOHA"
"Douala","Cameroun","DOUALA"
"Douarnenez","France","DOUARNENEZ"
"Douvres (Dover)","Royaume-Uni","DOVER"
"Dreger Harbour","Papouasie-Nouvelle-Guinee","PORT_DREGER"
"Dubai (Port Rashid)","Emirats Arabes Unis","MINA_RASHID_DUBAI"
"Dublin","Irlande","DUBLIN"
"Dubrovnik","Croatie","DUBROVNIK"
"Dundee","Royaume-Uni","DUNDEE"
"Dunkerque","France","DUNKERQUE"
"Dunkerque Ouest","France","DUNKERQUE_OUEST"
"Durban","Afrique du Sud","DURBAN"
"Durres","Albanie","DURRES"
"Dzaoudzi (Mayotte)","France (Ocean Indien)","DZAOUDZI"
"East London","Afrique du Sud","EAST_LONDON"
"Eastport","Etats-Unis","EASTPORT_ME"
"Eden","Australie","EDEN"
"Egedesminde","Danemark (Groenland)","EGEDESMINDE"
"El Jadida (Mazagan)","Maroc","MAZAGAN"
"El Mhirez","Maroc","EL_MHIREZ"
"Ensenada","Mexique","ENSENADA"
"Entree Baie de Somme","France","BOUEE_AT_SO"
"Erquy","France","ERQUY"
"Esbjerg","Danemark","ESBJERG"
"Esmeraldas","Equateur","PTO_DE_ESMERALDA"
"Esperanza (Hope)","Antarctique","ESPERANZA"
"Essaouira","Maroc","ESSAOUIRA"
"Etel","France","ETEL"
"Etretat","France","ETRETAT"
"Everett","Etats-Unis","EVERETT"
"Fair Isle","Royaume-Uni (Iles Shetland)","FAIR_ISLE"
"Fakarava","France (Polynesie)","FAKARAVA_ROTOAVA"
"Falmouth","Royaume-Uni","FALMOUTH"
"False Strait","Canada","FALSE_STRAIT"
"Faro Olhao","Portugal","FARO-OLHAO"
"Figueira da Foz","Portugal","FIGUEIRA_DA_FOZ"
"Flamanville","France","FLAMANVILLE"
"Florianapolis","Bresil","FLORIANOPOLIS"
"Forari Bay","Vanuatu","FORARI_BAY"
"Fort Ross","Canada","FORT_ROSS"
"Fort-de-France","France (Antilles)","FORT-DE-FRANCE"
"Fos sur Mer","France","FOS_SUR_MER"
"Foue","France (Nouvelle-Caledonie)","FOUE"
"Freetown","Sierra Leone","FREETOWN"
"Fremantle","Australie","FREMANTLE"
"Frobisher Bay","Canada","FROBISHER"
"Fromentine Embarcadere","France","FROMENTINE_EMBARCADERE"
"Fulford Harbour","Canada","FULFORD_HARBOUR"
"Funafuti","Tuvalu","FUNAFUTI"
"Funchal","Portugal","FUNCHAL"
"Futuna","France (Wallis et Futuna)","LEAVA_FUTUNA"
"camp","France","FECAMP"
"Galle","Sri Lanka","GALLE"
"Galveston","Etats-Unis","GALVESTON"
"Galway","Irlande","GALWAY"
"Gene (Genova)","Italie","GENOVA"
"Georgetown","Guyana","GEORGETOWN_GUYANA"
"Geraldton","Australie","GERALDTON"
"Ghizlan - Ju Aymah","Arabie Saoudite","JU_AYMAH"
"Gibraltar","Royaume-Uni (Gibraltar)","GIBRALTAR"
"Gijon","Espagne","GIJON"
"Gisborne","Nouvelle-Zelande","GISBORNE"
"Gladstone","Australie","GLADSTONE"
"Glenan (Penfret)","France","GLENAN_PENFRET"
"Godhavn","Danemark (Groenland)","GODHAVN"
"Godthab (Nuuk)","Danemark (Groenland)","GODTHAB"
"Goods Island","Australie","GOOD_S_ISLAND"
"Goury","France","GOURY"
"Grandcamp","France","GRANDCAMP"
"Granville","France","GRANVILLE_LE_COCALEU"
"Gravelines","France","GRAVELINES"
"Greenock","Royaume-Uni","GREENOCK"
"Greenwich","Antarctique","PUERTO_SOBERANIA"
"Grondines","Canada","GRONDINES"
"Guam","Etats-Unis (Iles Mariannes)","GUAM"
"Guaymas","Mexique","GUAYMAS"
"Hadera","Israel","HADERA_ISRAEL"
"Haiphong","Viet Nam","HAIPHONG"
"Hakata","Japon","HAKATA"
"Hakodate","Japon","HAKODATE"
"Halifax","Canada","HALIFAX"
"Hall Beach","Canada","HALL_BEACH"
"Hammerfest","Norvege","HAMMERFEST"
"Hao","France (Polynesie)","HAO_PASSE_KAKI"
"Harlingen","Pays-Bas","HARLINGEN"
"Harmil Island","Erythree","HARMIL_ISLAND"
"Harrington Harbour","Canada","HARRINGTON_HARBOUR"
"Harwich","Royaume-Uni","HARWICH"
"Hay Point","Australie","HAY_POINT"
"Helgoland","Allemagne","HELGOLAND"
"Hellville (Nosy Be)","Madagascar","HELLVILLE"
"Hennebont","France","HENNEBONT"
"Hienghene","France (Nouvelle-Caledonie)","HIENGHENE"
"Hillsborough Bay","Saint-Vincent-et-les Grenadines","HILLSBOROUGH"
"Hilo","Etats-Unis (Hawai)","HILO"
"Himeji","Japon","HIMEJI"
"Hiroshima","Japon","HIROSHIMA"
"Hirtshals","Danemark","HIRTSHALS"
"Hobart","Australie","HOBART"
"Hoedic","France","HOEDIC"
"Hoek van Holland","Pays-Bas","HOEK_VAN_HOLLAND"
"Holyhead","Royaume-Uni","HOLYHEAD"
"Homer","Etats-Unis (Alaska)","HOMER"
"Hon Gai","Viet Nam","HONGAY"
"Hon Nieu","Viet Nam","HON_NIEU"
"Honfleur","France","HONFLEUR"
"Hong Kong","Chine","HONG_KONG"
"Honiara","Iles Salomon","HONIARA"
"Honolulu","Etats-Unis (Hawai)","HONOLULU"
"Horta (I. Faial)","Portugal","HORTA"
"Horten","Norvege","HORTEN"
"Hososhima","Japon","HOSOSHIMA"
"Houat","France","HOUAT"
"Hrutafjordur","Islande","HRUTAFJORDUR"
"Huangpu","Chine","HUANGPU"
"Huelva","Espagne","HUELVA"
"Hull","Royaume-Uni","HULL"
"Huludao","Chine","HULUDAO"
"Humboldt Bay","Etats-Unis","HUMBOLDT_BAY"
"I. Pagalu (Annobon)","Guinee Equatoriale","ANNOBON"
"Ibo","Mozambique","IBO"
"Ichihara","Japon","CHIBA"
"Ijmuiden","Pays-Bas","IJMUIDEN"
"Ile Crozet","France (Terres australes et antarctiques)","ILE_CROZET"
"Ile Saint-Paul","France (Terres australes et antarctiques)","ILE_SAINT-PAUL"
"Aix","France","ILE_D_AIX"
"Ile de Brehat","France","BREHAT_MEN_JOLIGUET"
"Ile de Sein","France","ILE_DE_SEIN_NORD"
"Iles Chausey","France","ILES_CHAUSEY"
"Iles Saint-Marcouf","France","ILES_SAINT-MARCOUF"
"Iles des Hebihens","France","LES_OITELLIERES"
"Iles du Salut","France (Guyane)","ILES_DU_SALUT"
"re","France (Guyane)","ILET_LA_MERE"
"Ilha Guaiba","Bresil","ILHA_GUAIBA"
"Ilha da Trinidade","Bresil","ILHA_DA_TRINIDADE"
"Ilheus","Bresil","MALHADO"
"Imbituba","Bresil","IMBITUBA"
"Imperia","Italie","IMPERIA"
"On","Coree du Sud","INCH_ON"
"Inhambane","Mozambique","INHAMBANE"
"Inverness","Royaume-Uni","INVERNESS"
"Iquique","Chili","IQUIQUE"
"Isla Guadalupe","Mexique","ISLA_GUADALUPE"
"Isla Martin Garcia","Argentine","ISLA_MARTIN_GARCIA"
"Isla Socorro","Mexique","ISLA_SOCORRO"
"Isla de Pascua","Chili","HANGA_PIKO"
"Itajai","Bresil","ITAJAI"
"Itaqui","Bresil","ITAQUI"
"Iwakuni Ko","Japon","SHINMINATO"
"Jaluit I.","Iles Marshall","JALUIT"
"James Bay","Canada","SAND_HEAD"
"Jazirat Das","Emirats Arabes Unis","JAZIRAT_DAS"
"Jazirat Halul","Qatar","JAZIRAT_HALUL"
"Jazirat Shakir","Egypte","SHADWAN"
"Jazireh-ye Khark","Iran","JAZIREH_YE_KHARK"
"Jazireh-ye Lavan","Iran","JAZIREH_YE_LAVAN"
"Jolo","Philippines","JOLO"
"Jorf Lasfar","Maroc","JORF_LASFAR"
"Juneau","Etats-Unis (Alaska)","JUNEAU"
"Kacho To","Coree du Sud","KACHO_TO"
"Kagoshima","Japon","KAGOSHIMA"
"Kahului","Etats-Unis (Hawai)","KAHULUI"
"Kakinada","Inde","KAKINADA"
"Kamaishi","Japon","KAMAISHI"
"Kampong Saom (Sihanoukville)","Cambodge","KAMPONG_SAOM"
"Kamsar","Guinee","KAMSAR"
"Kandla","Inde","KANDLA"
"Kao-Hsiung","Taiwan","KAO-HSIUNG"
"Kaoh Mul","Cambodge","ILOT_CONE"
"Karachi","Pakistan","KARACHI"
"Karang Jamuang","Indonesie","KARANG_JAMUANG"
"Karwar","Inde","KARWAR"
"Kashima","Japon","KASHIMA"
"Kawaihae","Etats-Unis (Hawai)","KAWAIHAE"
"","Federation de Russie","PORT_KEM"
"Kerema","Papouasie-Nouvelle-Guinee","KEREMA"
"Ketchikan","Etats-Unis (Alaska)","KETCHIKAN"
"Key West","Etats-Unis","KEY_WEST"
"Kholmsk","Federation de Russie","KHOLMSK"
"Khowr-e Musa","Iran","KHOWR-E_MUSA_BAR"
"Kilrush","Irlande","KILRUSH"
"Ko Sichang","Thailande","KO_SICHANG"
"Kobe","Japon","KOBE"
"Kochi","Japon","KOCHI"
"Kodiak Island","Etats-Unis (Alaska)","KODIAK"
"Komun Do","Coree du Sud","KOMUN_DO"
"Koper","Slovenie","KOPER"
"Korsakov","Federation de Russie","KORSAKOV"
"Kota Kinabalu","Malaisie","KOTA_KINABALU"
"Kristiansund","Norvege","KRISTIANSUND"
"Kuala Terengganu","Malaisie","KUALA_TERENGGANU"
"Kuantan","Malaisie","KUANTAN"
"Kunsan","Coree du Sud","KUNSAN_OUTER_PORT"
"Kure","Japon","KURE"
"Kushimoto","Japon","KUSHIMOTO"
"Kushiro","Japon","KUSHIRO"
"Kuto","France (Nouvelle-Caledonie)","KUTO"
"Kwajalein I.","Iles Marshall","KWAJALEIN"
"L Herbaudiere","France","L_HERBAUDIERE"
"Ecreviere","France","L_ECREVIERE"
"La Baie","Canada","PORT-ALFRED"
"La Carraca","Espagne","LA_CARRACA"
"La Coruna","Espagne","LA_CORUNA"
"La Cotiniere","France","LA_COTINIERE"
"La Figueirette","France","LA_FIGUEIRETTE"
"La Guaira","Venezuela","LA_GUAIRA"
"La Havane (La Habana)","Cuba","LA_HABANA"
"La Libertad","Equateur","LA_LIBERTAD"
"La Paz","Mexique","LA_PAZ"
"La Plata","Argentine","LA_PLATA"
"La Roche","France (Nouvelle-Caledonie)","LA_ROCHE"
"La Rochelle-Pallice","France","LA_ROCHELLE-PALLICE"
"La Spezia","Italie","LA_SPEZIA"
"La Trinite (Martinique)","France (Antilles)","LA_TRINITE_MARTINIQUE"
"La Trinite-sur-Mer","France","LA_TRINITE-SUR-MER"
"La Union","El Salvador","LA_UNION"
"La Valette (Valeta)","Malte","VALLETTA"
"Laayoune","Maroc","LAAYOUNE"
"Lacanau","France","LACANAU"
"Lae","Papouasie-Nouvelle-Guinee","LAE"
"Lagos","Portugal","LAGOS"
"Lagos","Nigeria","LAGOS_BAR"
"Lamena","France","LAMENA"
"Lanildut","France","LANILDUT"
"Le Conquet","France","LE_CONQUET"
"Le Croisic","France","LE_CROISIC"
"Le Crouesty","France","LE_CROUESTY"
"Le Francois","France (Antilles)","LE_FRANCOIS"
"Le Guilvinec","France","LE_GUILVINEC"
"Le Havre","France","LE_HAVRE"
"Le Larivot","France (Guyane)","LE_LARIVOT"
"Le Legue","France","LE_LEGUE_BOUEE"
"Le Logeo","France","LE_LOGEO"
"Le Marin","France (Antilles)","LE_MARIN"
"Le Palais","France","LE_PALAIS"
"Le Pouldu","France","LE_POULDU"
"Le Pouliguen","France","LE_POULIGUEN"
"Le Robert","France (Antilles)","LE_ROBERT"
"Le Senequet","France","LE_SENEQUET"
"Le Touquet","France","LE_TOUQUET"
"Le Treport","France","LE_TREPORT"
"Le Vauclin","France (Antilles)","LE_VAUCLIN"
"Learmonth - Exmouth","Australie","LEARMONTH"
"Legaspi","Philippines","LEGASPI"
"Leith","Royaume-Uni","LEITH"
"Lerwick","Royaume-Uni (Iles Shetland)","LERWICK"
"Les Hattes","France (Guyane)","LES_HATTES"
"Les Heaux-de-Brehat","France","LES_HEAUX-DE-BREHAT"
"Les Minquiers","Royaume-Uni","LES_MINQUIERS"
"Olonne","France","LES_SABLES-D_OLONNE"
"Lesconil","France","LESCONIL"
"Lewes","Etats-Unis","BREAKWATER_HARBOUR"
"Lezardrieux","France","LEZARDRIEUX_PORT"
"Libreville","Gabon","LIBREVILLE"
"Lifuka","Tonga","LIFUKA"
"Lisboa (Lisbonne)","Portugal","LISBOA"
"Liverpool","Royaume-Uni","LIVERPOOL_ALFRED_DOCK"
"Livourne (Livorno)","Italie","LIVORNO"
"Lobito","Angola","LOBITO"
"Locmariaquer","France","LOCMARIAQUER"
"Locquemeau","France","LOCQUEMEAU"
"Locquirec","France","LOCQUIREC"
"Loctudy","France","LOCTUDY"
"Lome","Togo","LOME"
"Londonderry","Royaume-Uni","LONDONDERRY"
"Londres (London)","Royaume-Uni","LONDON_BRIDGE"
"Longyearbyen","Norvege (Spitzberg)","LONGYEARBYEN"
"Lorient","France","LORIENT"
"Los Angeles","Etats-Unis","LOS_ANGELES"
"Lowestoft","Royaume-Uni","LOWESTOFT"
"Luanda","Angola","LUANDA"
"Luba - San Carlos (I. de Bioko)","Guinee Equatoriale","LUBA_SAN_CARLOS"
"Luderitz","Namibie","LUDERITZ"
"Lushun","Chine","LUSHUN"
"Lyttelton","Nouvelle-Zelande","LYTTELTON"
"Ma-Kung","Taiwan","MA-KUNG"
"Macao","Chine","MACAU_HARBOUR"
"Macau (Brazil)","Bresil","PORTO_DE_MACAU"
"Maceio","Bresil","MACEIO"
"Madang","Papouasie-Nouvelle-Guinee","MADANG"
"Madras (Chennai)","Inde","MADRAS"
"Madre de Deus","Bresil","MADRE_DE_DEUS"
"Maizuru","Japon","MAIZURU"
"Makatea","France (Polynesie)","MAKATEA"
"Makemo","France (Polynesie)","MAKEMO"
"Malabo (I. de Bioko)","Guinee Equatoriale","MALABO"
"Malaga","Espagne","MALAGA"
"Malakal - Koror","Palaos","MALAKAL"
"Malecon","Venezuela","MALECON"
"Mali Losinj","Croatie","MALI_LOSINJ"
"Malindi","Kenya","MALINDI"
"Manado (Menado)","Indonesie","MENADO"
"Mangalore","Inde","MANGALORE"
"Manille (Manila)","Philippines","MANILA"
"Manta","Equateur","MANTA"
"Manzanillo","Mexique","MANZANILLO"
"Maputo","Mozambique","MAPUTO_LOURENCO_MARQUES"
"Mar del Plata","Argentine","MAR_DEL_PLATA"
"Margate","Royaume-Uni","MARGATE"
"Marin","Espagne","MARIN"
"Marseille","France","MARSEILLE"
"Massawa (Mitsiwa)","Erythree","MASSAWA"
"Matarani","Perou","MATARANI"
"Matavai","France (Polynesie)","MATAVAI"
"Matsuyama","Japon","MATSUYAMA"
"Mayport","Etats-Unis","MAYPORT"
"Mazatlan","Mexique","MAZATLAN"
"Mehdia","Maroc","MEHDIA"
"Melaka","Malaisie","MELAKA"
"Melbourne","Australie","MELBOURNE"
"Melchior","Antarctique","MELCHIOR"
"Melchor Ocampo","Mexique","MELCHOR_OCAMPO_MEXICO"
"Mergui","Birmanie","MERGUI"
"Messine","Italie","MESSINA"
"Miami","Etats-Unis","MIAMI_HARBOR_ENTRANCE"
"Miike Ko","Japon","MIIKE"
"Milford Haven","Royaume-Uni","MILFORD_HAVEN"
"Mimizan","France","MIMIZAN"
"Salman","Bahrein","MINA_SALMAN"
"Mina-al Ahmadi","Koweit","MINA_AL_AHMADI"
"Minami Izu","Japon","MINAMI_IZU"
"Mindelo (P. Grande)","Cap-Vert","PORTO_GRANDE_DE_S_VICENTE"
"Minicoy I.","Maldives","MINICOY"
"Minjiang Kou","Chine","MINJIANG_KOU"
"Miri","Malaisie","MIRI"
"Mizushima","Japon","MIZUSHIMA"
"Mo I Rana","Norvege","MO-I-RANA"
"Mobile","Etats-Unis","MOBILE"
"Mocamedes (Namibe)","Angola","MOCAMEDES"
"Mocimboa da Praia","Mozambique","MOCIMBOA_DA_PRAIA"
"Mogadiscio (Muqdisho)","Somalie","MOGADISCIO"
"Mohammedia","Maroc","MOHAMMEDIA"
"Mokpo","Coree du Sud","MOKPO"
"Molene Nord","France","MOLENE_NORD"
"Mombasa (Kilindini Harbour)","Kenya","KILINDINI_HARBOUR"
"Monaco","France","MONACO"
"Monbetsu","Japon","MONBETSU"
"Monrovia","Liberia","MONROVIA"
"Monte Hermoso","Argentine","MONTE_HERMOSO"
"Monterey","Etats-Unis","MONTEREY"
"Montevideo","Uruguay","MONTEVIDEO"
"Morgat","France","MORGAT"
"Morlaix Pen Al Lann","France","MORLAIX_PEN_AL_LANN"
"Mormugao (Marmagao)","Inde","MARMAGAO"
"Mosselbaai","Afrique du Sud","MOSSELBAAI"
"Mouillage de Fare (Huahine)","France (Polynesie)","QUAI_DE_FARE"
"Moulmein","Birmanie","MOULMEIN"
"Mozambique (Mozambique)","Mozambique","MOZAMBIQUE"
"Mtwara","Tanzanie","MTWARA"
"Mucuripe - Fortaleza","Bresil","PORTO_DE_MUCURIPE"
"Muhammad Qol","Soudan","MUHAMMAD-ILE"
"Mui Vung Tau (Cap Saint-Jacques)","Viet Nam","MUI_VUNG_TAU"
"Mukah","Malaisie","MUKAH"
"Muroran","Japon","MURORAN"
"Mururoa","France (Polynesie)","MURUROA_ANEMONE"
"Id (Umm Said)","Qatar","MESAIEED_CHANNEL_ENTRANCE"
"Mys Astronomicheski","Federation de Russie","MYS_ASTRONOMICHESKI"
"Nacala","Mozambique","NACALA"
"Nador","Maroc","NADOR"
"Nagappattinam","Inde","NAGAPPATTINAM"
"Nagasaki","Japon","NAGASAKI"
"Nagoya","Japon","NAGOYA"
"Naha Ko","Japon","NAHA_KO"
"Nanaimo","Canada","NANAIMO"
"Naozhou Dao I.","Chine","NAOZHOU_DAO"
"Napier","Nouvelle-Zelande","NAPIER"
"Naple (Napoli)","Italie","NAPOLI"
"Narvik","Norvege","NARVIK"
"Nassau","Bahamas","NASSAU"
"Natal","Bresil","PORTO_DE_NATAL"
"Navlakhi","Inde","NAVLAKHI"
"Nawiliwili","Etats-Unis (Hawai)","NAWILIWILI"
"Neiafu","Tonga","NEIAFU"
"Neko","Antarctique","NEKO"
"Nelson","Nouvelle-Zelande","NELSON"
"Nendo I.","Iles Salomon","NDENT_ISLAND"
"Neny","Antarctique","ISLA_NENY"
"Nevlunghavn","Norvege","NEVLUNGHAVN"
"New London","Etats-Unis","NEW_LONDON"
"New Orleans","Etats-Unis","NEW_ORLEANS"
"New Plymouth (P. Taranaki)","Nouvelle-Zelande","PORT_TARANAKI"
"New York","Etats-Unis","NEW_YORK_BATTERY"
"Newcastle","Australie","NEWCASTLE"
"Newport","Royaume-Uni","NEWPORT"
"Newport (USA)","Etats-Unis","NEWPORT_RI"
"Nice","France","NICE"
"Nieuw Nickerie","Suriname","NICKERIE_RIVIER"
"Nieuwpoort","Belgique","NIEUWPOORT"
"Niigata","Japon","NIIGATA"
"Nikiski","Etats-Unis (Alaska)","NIKISHKA"
"Niue","Nouvelle-Zelande","NIUE"
"Norfolk","Etats-Unis","HAMPTON_ROADS"
"Norfolk Island","Australie","NORFOLK_ISLAND"
"North Shields","Royaume-Uni","NORTH_SHIELDS"
"North Sydney","Canada","NORTH_SYDNEY"
"Nouadhibou (Port-Etienne)","Mauritanie","NOUADHIBOU"
"Noumea","France (Nouvelle-Caledonie)","NOUMEA"
"alofa","Tonga","NUKUALOFA"
"Oakland","Etats-Unis","OAKLAND"
"Oamaru","Nouvelle-Zelande","OAMARU"
"Oban","Royaume-Uni","OBAN"
"Obbia (Hobyo)","Somalie","OBBIA"
"Ochong Do","Coree du Sud","OCHONG_DO"
"Oita","Japon","OITA"
"Okha","Inde","OKHA"
"Olympia","Etats-Unis","OLYMPIA"
"Ominato","Japon","OMINATO"
"Omonville-La-Rogue","France","OMONVILLE-LA-ROGUE"
"Onahama","Japon","ONAHAMA"
"Onehunga","Nouvelle-Zelande","ONEHUNGA"
"Onomichi","Japon","ONOMICHI"
"Orange Bay","Chili","ORANGE_BAY"
"Osaka","Japon","OSAKA"
"Oslo","Norvege","OSLO"
"Ostende","Belgique","OOSTENDE"
"Ostrov Toporkova","Federation de Russie","OSTROV_TOPORKOVA"
"Otaru","Japon","OTARU"
"Ouessant","France","OUESSANT_LAMPAUL"
"Ouistreham","France","OUISTREHAM"
"Out Skerries","Royaume-Uni (Iles Shetland)","OUT_SKERRIES"
"Owen Bay","Canada","OWEN_BAY"
"Paagoumene","France (Nouvelle-Caledonie)","PAAGOUMENE"
"Paimpol","France","PAIMPOL"
"Palerme (Sicile)","Italie","PALERMO_SICILE"
"Pamban","Inde","PAMBAN_PASSE"
"Papeete","France (Polynesie)","PAPEETE_FARE-UTE"
"Paphos","Chypre","PAPHOS_CHYPRE"
"Paradip","Inde","PARADIP"
"Paramaribo","Suriname","PARAMARIBO"
"Paranagua","Bresil","PARANAGUA"
"Pasajes","Espagne","PASAJES"
"Passage Saint-Armel","France","PASSAGE_SAINT-ARMEL"
"Patunungan Bay","Philippines","PATUNUNGAN_BAY"
"Pauillac","France","PAUILLAC"
"Pebane","Mozambique","PORTO_DE_PEBANE"
"Pelabuahan Kuantan","Malaisie","TANJUNG_GELAND"
"Pelabuang Kelang","Malaisie","PELABUHAN_KELANG"
"Pemba (Porto Amelia)","Mozambique","PEMBA"
"Pending","Malaisie","KUCHING"
"Penerf","France","PENERF"
"Peniche","Portugal","PENICHE"
"Pensacola","Etats-Unis","PENSACOLA"
"Perros-Guirec","France","PERROS-GUIREC_TRESTRAOU"
"Petropavlosk","Federation de Russie","PETROPAVLOSK"
"Philadelphia","Etats-Unis","PHILADELPHIA"
"Phsar Ream","Cambodge","REAM"
"Picton","Nouvelle-Zelande","PICTON"
"Pictou","Canada","PICTOU"
"Pinamar","Argentine","PINAMAR"
"Pinang","Malaisie","PINANG"
"Pipavav Port","Inde","PIPAVAV_BANDAR"
"Ploumanach","France","PLOUMANACH"
"Plymouth Devonport","Royaume-Uni","PLYMOUTH_DEVONPORT"
"Pohang","Coree du Sud","P_OHANG"
"Poingam","France (Nouvelle-Caledonie)","POINGAM"
"Point Fortin","Trinite-et-Tobago","POINT_FORTIN"
"Point Lonsdale","Australie","PORT_PHILLIP_HEADS"
"Point Murat","Australie","POINT_MURAT"
"Point Tupper","Canada","POINT_TUPPER"
"Agon","France","POINTE_D_AGON"
"Pointe de Gatseau","France","POINTE_DE_GATSEAU"
"Pointe de Grave","France","PORT-BLOC"
"Pointe de Saint-Gildas","France","POINTE_DE_SAINT-GILDAS"
"Pointe-Noire","Congo","POINTE_NOIRE"
"Pointe-a-Pitre","France (Antilles)","POINTE-A-PITRE"
"Pointe-au-Pere","Canada","POINTE-AU-PERE"
"Pointe-des-Galets (Ile de la Reunion)","France (Ocean Indien)","POINTE_DES_GALETS"
"Polyarnyy","Federation de Russie","YEKATERININSKAYA"
"Ponce","Porto-Rico","PONCE"
"Ponta Delgada (S. Miguel)","Portugal","PONTA_DELGADA"
"Pornic","France","PORNIC"
"Pornichet","France","PORNICHET"
"Port Alberni","Canada","PORT_ALBERNI"
"Port Angeles","Etats-Unis","PORT_ANGELES"
"Port Augusta","Australie","PORT_AUGUSTA"
"Port Blair (Andaman I.)","Inde","PORT_BLAIR"
"Port Chalmers (Dunedin)","Nouvelle-Zelande","PORT_CHALMERS"
"Port Dickson","Malaisie","PORT_DICKSON"
"Port Hedland","Australie","PORT_HEDLAND"
"Port Kembla","Australie","PORT_KEMBLA"
"Port La Nouvelle","France","PORT_LA_NOUVELLE"
"Port Lincoln","Australie","PORT_LINCOLN"
"Port Magdalena","Mexique","MAGDALENA_BAHIA"
"Port Manech","France","PORT_MANECH"
"Port Moresby","Papouasie-Nouvelle-Guinee","PORT_MORESBY"
"Port Nolloth","Afrique du Sud","PORT_NOLLOTH"
"id)","Egypte","PORT_SAID"
"Port Sultan","Oman","PORT_SULTAN_QABOOS"
"Port Vendres","France","PORT-VENDRES"
"Port Victoria (Seychelles)","Seychelles","PORT_VICTORIA_SEYCHELLES"
"Port Walcott","Australie","PORT_WALCOTT"
"Port-Beni","France","PORT-BENI"
"Port-Elizabeth","Afrique du Sud","PORT-ELIZABETH"
"Port-Ferreol","France","PORT_FERREOL"
"Port-Gentil","Gabon","PORT-GENTIL"
"Port-Haliguen","France","PORT-HALIGUEN"
"Port-Joinville","France","PORT-JOINVILLE"
"Port-Louis (Ile Maurice)","Ile Maurice","PORT_LOUIS"
"Port-Louis Locmalo","France","PORT-LOUIS_LOCMALO"
"Port-Maria","France","PORT-MARIA"
"Port-Martin","France (Terres australes et antarctiques)","PORT-MARTIN"
"Port-Navalo","France","PORT-NAVALO"
"Port-Pirie","Australie","PORT-PIRIE"
"Port-Soudan (Bur Sudan)","Soudan","PORT-SOUDAN"
"Port-Townsend","Etats-Unis","PORT-TOWNSEND"
"Port-Tudy","France","PORT-TUDY"
"Port-Vila","Vanuatu","VILA_HARBOUR"
"Port-au-Prince","Haiti","PORT-AU-PRINCE"
"Port-aux-Basques","Canada","PORT_AUX_BASQUES"
"ais","France (Terres australes et antarctiques)","PORT-AUX-FRANCAIS"
"Port-en-Bessin","France","PORT-EN-BESSIN"
"Port-of-Spain","Trinite-et-Tobago","PORT-OF-SPAIN"
"Portage Island","Canada","PORTAGE_ISLAND"
"Portbail","France","PORTBAIL"
"Portland (Australie)","Australie","PORTLAND_AUSTRALIE"
"Portland (Maine)","Etats-Unis","PORTLAND_MAINE"
"Portland","Royaume-Uni","PORTLAND"
"Porto Alexandre (Tombwa)","Angola","PORTO_ALEXANDRE"
"Porto Corsini","Italie","PORTO_CORSINI"
"Porto Empedocle","Italie","PORTO_EMPEDOCLE"
"Portsall","France","PORTSALL"
"Portsmouth","Royaume-Uni","PORTSMOUTH"
"Posorja","Equateur","POSORJA"
"Primel","France","PRIMEL"
"Prince Rupert","Canada","PRINCE_RUPERT"
"Progreso","Mexique","PROGRESO"
"Providence","Etats-Unis","PROVIDENCE"
"Pto de Leixoes","Portugal","LEIXOES"
"Puerto Ballenas","Chili","PUERTO_BALLENAS"
"Puerto Bolivar","Equateur","PUERTO_BOLIVAR"
"Puerto Corral","Chili","PUERTO_CORRAL"
"Puerto Deseado","Argentine","DESEADO"
"Puerto Iradier (Kogo)","Guinee Equatoriale","PUERTO_IRADIER"
"Puerto Lopez","Equateur","PUERTO_LOPEZ"
"Puerto Madryn","Argentine","MADRYN"
"Puerto Montt","Chili","PUERTO_MONTT"
"Puerto Stanley","Royaume-Uni (Iles Malouines)","PUERTO_STANLEY"
"Puerto Vancouver","Argentine","PUERTO_VANCOUVER"
"Puerto de Guayaquil","Equateur","PUERTO_NUEVO"
"Puerto-Angel","Mexique","PUERTO-ANGEL"
"Puerto-Armuelles","Panama","PUERTO-ARMUELLES"
"Puerto-Cortes","Honduras","PUERTO-CORTES"
"Puerto-Penasco","Mexique","PUNTA-PENASCO"
"Puerto-Vallarta","Mexique","PUERTO-VALLARTA"
"Pulau Besin","Birmanie","PULAU_BESIN"
"Punta Arenas","Chili","PUNTA_ARENAS"
"Punta Gorda","Venezuela","PUNTA_GORDA"
"Punta Loyola","Argentine","PUERTO_GALLEGOS"
"Punta Quilla","Argentine","PUNTA_QUILLA"
"Pusan (Busan)","Coree du Sud","PUSAN_HANG"
"Pussur River","Bangladesh","PUSSUR_RIVER"
"Qingdao","Chine","QINGDAO"
"Qinhuangdao","Chine","QINHUANGDAO"
"Quebec","Canada","QUEBEC"
"Quelimane","Mozambique","QUELIMANE"
"Quequen","Argentine","QUEQUEN"
"s Tannurah","Arabie Saoudite","RA_S_TANNURAH"
"s al Khafji","Arabie Saoudite","RAS_AL_KHAFJI"
"ab","Arabie Saoudite","RA_S_AL_MISH_AB"
"Rabat","Maroc","RABAT"
"Rabaul","Papouasie-Nouvelle-Guinee","RABAUL"
"Rairua (Rivavae)","France (Polynesie)","RAIRUA"
"Rangoon River","Birmanie","RANGOON_RIVER"
"Rapa","France (Polynesie)","RAPA"
"Rarotonga","Nouvelle-Zelande","RAROTONGA"
"Ras Gharib","Egypte","RA_S_GHARIB"
"Raymond","Etats-Unis","RAYMOND"
"Recife","Bresil","RECIFE"
"Reedy Point","Etats-Unis","REEDY_POINT"
"Resolute","Canada","RESOLUTE"
"Reykjavik","Islande","REYKJAVIK"
"Ria de Ferrol","Espagne","EL_FERROL"
"Richard","France","RICHARD"
"Richmond","Etats-Unis","RICHMOND"
"Rijeka","Croatie","RIJEKA"
"Rikitea","France (Polynesie)","RIKITEA"
"Rio Grande","Bresil","PORTO_DO_RIO_GRANDE"
"Rio Negro","Argentine","RIO_NEGRO"
"Rio de Janeiro","Bresil","RIO_DE_JANEIRO"
"River Tees Entrance","Royaume-Uni","RIVER_TEES_ENTRANCE"
"Rochers Noirs (Tubuai)","France (Polynesie)","ROCHERS_NOIRS"
"Rorvik","Norvege","RORVIK"
"Rosales","Argentine","ROSALES"
"Roscoff","France","ROSCOFF"
"Rosyth","Royaume-Uni","ROSYTH"
"Rota","Espagne","ROTA"
"Royan","France","ROYAN"
"Rustico","Canada","RUSTICO"
"Safi","Maroc","SAFI"
"Sagar Island","Inde","SAGAR_ISLAND"
"Saint Georges","Grenade","SAINT_GEORGES_HARBOUR"
"Saint Helier","Jersey","SAINT_HELIER"
"Saint John","Canada","SAINT_JOHN"
"Saint Marks","Etats-Unis","SAINT_MARKS_RIVER"
"Saint Martin Marigot","France (Antilles)","SAINT-MARTIN_MARIGOT"
"Saint Petersburg","Etats-Unis","SAINT_PETERSBURG"
"Saint Thomas","Etats-Unis (Iles Vierges)","SAINT_THOMAS"
"Saint-Cast","France","SAINT-CAST"
"Oleron","France","SAINT-DENIS_D_OLERON"
"Saint-Germain-sur-Ay","France","SAINT-GERMAIN-SUR-AY"
"Saint-Gilles-Croix-de-Vie","France","SAINT-GILLES-CROIX-DE-VIE"
"","France","SAINT-GUENOLE"
"Saint-Jean-de-Luz","France","SOCOA"
"s","Canada","SAINT_JOHN_HARBOUR"
"Saint-Louis","Senegal","SAINT_LOUIS"
"Saint-Malo","France","SAINT-MALO"
"Saint-Martin-de-Re","France","SAINT-MARTIN_DE_RE"
"Saint-Michael","Etats-Unis (Alaska)","ST_MICHAEL"
"Saint-Nazaire","France","SAINT-NAZAIRE"
"Saint-Pierre (Ile de la La Reunion)","France (Ocean Indien)","SAINT-PIERRE_LA_REUNION"
"Saint-Pierre (Martinique)","France (Antilles)","SAINT-PIERRE_MARTINIQUE"
"Saint-Pierre-et-Miquelon","France (Saint-Pierre et Miquelon)","ILE_SAINT-PIERRE"
"Saint-Quay-Portrieux","France","SAINT-QUAY-PORTRIEUX"
"Saint-Vaast-la-Hougue","France","SAINT-VAAST-LA-HOUGUE"
"Saint-Valery-en-Caux","France","SAINT-VALERY-EN-CAUX"
"Saint-Vincent","Saint-Vincent-et-les Grenadines","KINGSTOWN_ST_VINCENT"
"union)","France (Ocean Indien)","SAINTE_MARIE_LA_REUNION"
"Sainte-Helene","Royaume-Uni","JAMES_BAY"
"Sainte-Lucie (S. Lucia)","Sainte-Lucie","PORT_CASTRIES"
"Sakate","Japon","SAKATE"
"Salina Cruz","Mexique","SALINA_CRUZ"
"Salinopolis","Bresil","SALINOPOLIS"
"Salvador","Bresil","SALVADOR"
"Samcheongpo","Coree du Sud","SAMCH_ONP_O"
"Samut Sakhon","Thailande","TACHIN"
"San Antonio","Argentine","SAN_ANTONIO"
"San Blas","Argentine","SAN_BLAS"
"San Carlos","Mexique","SAN_CARLOS_BAJA_CALIFORNI"
"San Clemente del Tuyu","Argentine","SAN_CLEMENTE"
"San Cristobal (Galapagos)","Equateur","SAN_CRISTOBAL"
"San Diego","Etats-Unis","SAN_DIEGO"
"San Fernando (Argentine)","Argentine","SAN_FERNANDO_ARGENTINA"
"San Fernando","Philippines","SAN_FERNANDO"
"San Francisco","Etats-Unis","SAN_FRANCISCO"
"San Juan (Puerto Rico)","Porto-Rico","SAN_JUAN_PUERTO_RICO"
"San Juan","Argentine","SAN_JUAN"
"San Julian","Argentine","SAN_JULIAN"
"San Pedro","Cote d","SAN_PEDRO"
"San Roman","Argentine","SAN_ROMAN"
"San Sebastian","Argentine","SAN_SEBASTIAN"
"Sandakan","Malaisie","SANDAKAN"
"Sandettie Est","France","SANDETTIE_EST"
"Sandy Hook","Etats-Unis","SANDY_HOOK"
"Santa Cruz (Galapagos)","Equateur","BALTRA-A_GALAPAGOS"
"Santa Cruz (I. Flores)","Portugal","SANTA_CRUZ_DAS_FLORES"
"Santa Cruz (Luzon)","Philippines","SANTA_CRUZ_LUZON"
"Santa Cruz de Tenerife","Espagne","SANTA_CRUZ_DE_TENERIFE"
"Santa Elena","Argentine","SANTA_ELENA"
"Santana","Bresil","PORTO_DE_SANTANA"
"Santander","Espagne","SANTANDER"
"Santo Antonio (I. do Principe)","Sao Tome et Principe","SANTO_ANTONIO-PRINCIPE"
"Santo Antonio do Zaire","Angola","SANTO_ANTONIO_DO_ZAIRE"
"Santos","Bresil","SANTOS"
"Sao Francisco do Sul","Bresil","SAO_FRANCISCO_DO_SUL"
"Sao Luis","Bresil","SAO_LUIS"
"Sao Sebastiao","Bresil","SAO_SEBASTIAO"
"Sao Tome (I. do Sao Tome)","Sao Tome et Principe","SAO_TOME"
"Sasebo","Japon","SASEBO"
"Sassandra","Cote d","SASSANDRA"
"Sattahip","Thailande","SATTAHIP"
"Savannah","Etats-Unis","SAVANNAH_RIVER"
"Scarborough","Trinite-et-Tobago","SCARBOROUGH_TOBAGO"
"Scheveningen","Pays-Bas","SCHEVENINGEN"
"Scotia","Antarctique (South Orkney Islands)","SCOTIA"
"Scrabster","Royaume-Uni","SCRABSTER"
"Seattle","Etats-Unis","SEATTLE"
"Seeadler Harbour","Papouasie-Nouvelle-Guinee","SEEADLER_HARBOUR"
"Seldovia","Etats-Unis (Alaska)","SELDOVIA"
"Sembawang","Malaisie","SEMBAWANG"
"Senyavin Islands","Micronesie","METARANIMU_KO_PONAPE_TO"
"Seogwipo","Coree du Sud","SOGWI_PO"
"Sept-Iles","Canada","SEPT-ILES"
"Sesimbra","Portugal","SESIMBRA"
"Sete","France","SETE"
"Setubal","Portugal","SETUBAL_TROIA"
"Sevilla","Espagne","SEVILLA"
"Seward","Etats-Unis (Alaska)","SEWARD"
"Sfax","Tunisie","SFAX"
"Shantou","Chine","SWATOW"
"Shatt-el-Arab","Irak","SHATT_AL_ARAB"
"Shediac","Canada","SHEDIAC_BAY"
"Sheerness","Royaume-Uni","SHEERNESS"
"Shidao","Chine","WANGJIA_WAN"
"Shimizu","Japon","SHIMIZU"
"Shimonoseki","Japon","SHIMONOSEKI"
"Shiogama","Japon","SHIOGAMA"
"Shoreham","Royaume-Uni","SHOREHAM"
"Shortt Island","Inde","SHORTT_ISLAND"
"Sibenik","Croatie","SIBENIK"
"Sines","Portugal","SINES"
"Singapour","Singapour","SINGAPORE"
"Sitka","Etats-Unis (Alaska)","SITKA"
"Sittwe (Akyab)","Birmanie","AKYAB"
"Sohojin Hang","Coree du Nord","SEIKOSHIN"
"Sokcho","Coree du Sud","SOKCHO"
"Solenzara","France","SOLENZARA"
"aek)","Coree du Nord","SONGJIN"
"Songkhla","Thailande","SONGKHLA"
"Sonok Do","Coree du Sud","SONOK_DO"
"Sooke","Canada","SOOKE"
"Southampton","Royaume-Uni","SOUTHAMPTON"
"Sovetskaya","Federation de Russie","SOVETSKAYA"
"Split","Croatie","SPLIT"
"Spurn Head","Royaume-Uni","IMMINGHAM"
"St-Peter Port","Guernesey","ST-PETER_PORT"
"Stavanger","Norvege","STAVANGER"
"Steveston","Canada","STEVESTON"
"Stockton","Etats-Unis","STOCKTON"
"Stony Point","Australie","STONY_POINT"
"Suez (As-Suways)","Egypte","SUEZ"
"Sullom Voe","Royaume-Uni (Iles Shetland)","SULLOM_VOE"
"Sungai Kutei","Indonesie","SUNGAI_KUTEI"
"Sungai Muturi","Indonesie","SUNGAI_MUTURI"
"Sungai Palembang","Indonesie","AIR_MUSI"
"Sungai Sarawak","Malaisie","SUNGAI_SARAWAK"
"Sunwi Do","Coree du Nord","SUNWI_DO"
"Surabaya","Indonesie","SURABAYA"
"Suva","Fidji","SUVA"
"Swansea","Royaume-Uni","SWANSEA"
"Sydney","Australie","SYDNEY"
"Sydney Cape Breton","Canada","SYDNEY_CAPE_BRETON"
"Tacloban","Philippines","TACLOBAN"
"Tacoma","Etats-Unis","TACOMA"
"Tadine","France (Nouvelle-Caledonie)","TADINE"
"Taehuksan Do","Coree du Sud","TAEHUKSAN_DO"
"Taeyonp Yong Do","Coree du Sud","TAEYONP_YONG_DO"
"Tailevu","Fidji","TAILEVU"
"Taiohae","France (Polynesie)","TAIOHAE_SHOM"
"Takamatsu","Japon","TAKAMATSU"
"Takoradi","Ghana","TAKORADI"
"Talara","Perou","TALARA"
"Talcahuano","Chili","TALCAHUANO"
"Tamajarush","Maroc","TAMAJARUSH"
"Tampico","Mexique","TAMPICO"
"Tan-Tan","Maroc","TAN-TAN"
"Tanger","Maroc","TANGER"
"Tanger-Med","Maroc","TANGER_MED"
"Tangoa","Vanuatu","TANGOA"
"Tanjong Sedili","Malaisie","SEDILI"
"Tanjung Baram","Malaisie","TANJONG_BARAM"
"Tarente","Italie","TARANTO"
"Tarifa","Espagne","TARIFA"
"Tauranga","Nouvelle-Zelande","TAURANGA"
"Tawau","Malaisie","TAWAU"
"Tema","Ghana","TEMA"
"Terneuzen","Pays-Bas","TERNEUZEN"
"Terschelling","Pays-Bas","WEST-TERSCHELLING"
"Thio","France (Nouvelle-Caledonie)","THIO"
"Thursday Island","Australie","THURSDAY_ISLAND"
"Tianjin Xingang","Chine","DAGU"
"Timaru","Nouvelle-Zelande","TIMARU"
"Toamasina (Tamatave)","Madagascar","TOAMASINA"
"Tofino","Canada","TOFINO"
"Tokchok To","Coree du Sud","TOKCHOK_TO"
"Tokuyama","Japon","TOKUYAMA"
"Tokyo","Japon","TOKYO"
"Toliara (Tulear)","Madagascar","TOLIARA"
"Tongyeong","Coree du Sud","TONGYEONG_CH_UNGMU"
"Topolobampo","Mexique","TOPOLOBAMPO"
"Touho","France (Nouvelle-Caledonie)","TOUHO"
"Toulon","France","TOULON"
"Townsville","Australie","TOWNSVILLE"
"Trebeurden","France","TREBEURDEN"
"Treguier","France","TREGUIER"
"Trehiguier","France","TREHIGUIER"
"Trez-Hir","France","TREZ-HIR"
"Trieste","Italie","TRIESTE"
"Trincomalee","Sri Lanka","TRINCOMALEE"
"Tristan da Cunha","Royaume-Uni","TRISTAN_DA_CUNHA"
"Trois Rivieres","Canada","TROIS_RIVIERES"
"Tromso","Norvege","TROMSO"
"Trondheim","Norvege","TRONDHEIM"
"Tubarao","Bresil","TUBARAO"
"Tuktoyaktuk","Canada","TUKTOYAKTUK"
"Tutoia","Bresil","TUTOIA"
"Twin Island","Australie","TWIN_ISLAND"
"Ujungpandang (Makassar)","Indonesie","UJUNGPANDANG"
"Ullapool","Royaume-Uni","ULLAPOOL"
"Ulleungdo","Coree du Sud","ULNEUNG_DO"
"Ulsan","Coree du Sud","ULSAN"
"Umm al Hatab","Emirats Arabes Unis","UMM_AL_HATAB"
"Unalaska island","Etats-Unis (Aleoutiennes)","KASHEGA_BAY_UNALASKA"
"Unggi (Sonbong)","Coree du Nord","YUKI"
"Uno","Japon","UNO"
"Urakawa","Japon","URAKAWA"
"Ushuaia","Argentine","BAHIA_USHUAIA"
"Usuyong","Coree du Sud","USUYONG"
"Uwajima","Japon","UWAJIMA"
"Vairao Oututaata","France (Polynesie)","VAIRAO_OUTUTAATA"
"Valdez","Etats-Unis (Alaska)","PORT_VALDEZ"
"Valparaiso","Chili","VALPARAISO"
"Vancouver","Canada","VANCOUVER"
"Vannes","France","VANNES"
"Vardo","Norvege","VARDO"
"Venise (Venezia)","Italie","VENEZIA"
"Vera Cruz","Mexique","VERA_CRUZ"
"Veraval","Inde","VERAVAL"
"Viana do Castelo","Portugal","VIANA_DO_CASTELO"
"Victoria","Canada","VICTORIA"
"Victoria Harbour (Labuan I.)","Malaisie","LABUAN_VICTORIA_HARBOUR"
"Vieux-Boucau","France","VIEUX-BOUCAU"
"Vigo","Espagne","VIGO"
"Vila Real de San Antonio","Portugal","VILA_REAL_DE_SAN_ANTONIO"
"Vila do Chinde","Mozambique","CHINDE"
"Vila do Porto (S. Maria)","Portugal","VILA_DO_PORTO"
"Villagarcia de Arosa","Espagne","VILLAGARCIA"
"Vishakhapatnam","Inde","VISHAKHAPATNAM"
"Vitoria","Bresil","VITORIA"
"Vladivostok","Federation de Russie","VLADIVOSTOK"
"Vlissingen","Pays-Bas","VLISSINGEN"
"Wadrilla Ouvea","France (Nouvelle-Caledonie)","WADRILLA_OUVEA"
"Wakamatsu","Japon","YAWATA"
"Wakayama","Japon","WAKAYAMA"
"Wallaroo","Australie","WALLAROO"
"Wallis","France (Wallis et Futuna)","WALLIS_MATA_UTU"
"Walvis Bay (Walvisbaai)","Namibie","WALVIS_BAY"
"Wan Do","Coree du Sud","WANDO"
"Washington D.C","Etats-Unis","WASHINGTON"
"Wasini Island","Kenya","WASIN_ISLAND"
"We (Lifou)","France (Nouvelle-Caledonie)","WE_LIFOU"
"Weihai","Chine","WEIHAI"
"Weipa","Australie","WEIPA"
"Wellington","Nouvelle-Zelande","WELLINGTON"
"Westport","Nouvelle-Zelande","WESTPORT"
"Wewak","Papouasie-Nouvelle-Guinee","WEWAK"
"Whyalla","Australie","WHYALLA"
"Wick","Royaume-Uni","WICK"
"Wilhelmshaven","Allemagne","WILHELMSHAVEN"
"Willemstad (Curacao I.)","Antilles Neerlandaises","WILLEMSTAD_CURACAO"
"Willets Point","Etats-Unis","WILLETS_POINT"
"Wilmington","Etats-Unis","WILMINGTON"
"Wissant","France","WISSANT"
"Wonsan","Coree du Nord","WONSAN"
"Wusong","Chine","WUSONG"
"Wyndham","Australie","WYNDHAM"
"Xiamen","Chine","XIAMEN"
"Yamba - Iluka","Australie","YAMBA"
"Yarmouth","Canada","YARMOUTH"
"Yeosu","Coree du Sud","YOSU"
"Yingkou","Chine","YINGKOU"
"Yokkaichi","Japon","YOKKAICHI"
"Yokohama","Japon","YOKOHAMA"
"Yokosuka","Japon","YOKOSUKA"
"Zadar","Croatie","ZADAR"
"Zafarana","Egypte","ZAFARANA"
"Zaliv Baykal","Federation de Russie","ZALIV_BAYKAL"
"Zaliv Tukharka","Federation de Russie","ZALIV_TUKHARKA"
"Zanzibar","Tanzanie","ZANZIBAR"
"Zeebrugge","Belgique","ZEEBRUGGE"
"Zhanjiang Gang","Chine","ZHANJIANG"
